,ECLO,방문자수,통행속도,주중,주말,store,새벽,밤,선릉,신논현,신사,압구정,청담
0,6,388.0,28.49,0,1,645.6666666666666,0,1,1,0,0,0,0
1,3,1390.0,16.41,0,1,562.3333333333334,0,1,0,0,0,1,0
2,3,690.0,20.22,0,1,433.333333333,0,1,0,0,1,0,0
3,6,10.0,21.98,0,1,562.3333333333334,1,0,0,0,0,1,0
4,3,250.0,26.64,1,0,645.6666666666666,0,1,1,0,0,0,0
5,9,1570.0,17.44,1,0,562.3333333333334,0,1,0,0,0,1,0
6,5,5051.0,15.8,1,0,433.333333333,0,1,0,1,0,0,0
7,3,1290.0,25.18,0,1,251.6666666666,0,1,0,0,0,0,1
8,3,335.0,23.78,1,0,251.6666666666,0,1,0,0,0,0,1
9,3,1336.0,17.05,1,0,645.6666666666666,0,1,1,0,0,0,0
10,6,1757.0,16.74,1,0,433.333333333,0,1,0,1,0,0,0
11,1,0.0,30.31,0,1,433.333333333,1,0,0,0,1,0,0
12,3,705.0,18.51,0,1,562.3333333333334,0,1,0,0,0,1,0
13,6,145.0,20.29,0,1,562.3333333333334,0,1,0,0,0,1,0
14,3,493.0,20.0,1,0,433.333333333,0,1,0,1,0,0,0
15,3,40.0,21.99,1,0,645.6666666666666,0,1,1,0,0,0,0
16,24,1580.0,20.12,0,1,645.6666666666666,0,0,1,0,0,0,0
17,3,525.0,20.33,1,0,562.3333333333334,0,1,0,0,0,1,0
18,11,220.0,28.44,0,1,251.6666666666,1,0,0,0,0,0,1
19,10,285.0,26.32,1,0,251.6666666666,1,0,0,0,0,0,1
20,6,135.0,22.27,1,0,433.333333333,0,1,0,0,1,0,0
21,6,590.0,18.98,1,0,645.6666666666666,0,1,1,0,0,0,0
22,3,3813.0,18.49,1,0,433.333333333,0,0,0,1,0,0,0
23,8,2630.0,16.74,1,0,645.6666666666666,0,1,1,0,0,0,0
24,6,2540.0,20.97,1,0,433.333333333,0,0,0,0,1,0,0
25,3,880.0,22.58,1,0,562.3333333333334,1,0,0,0,0,1,0
26,3,230.0,24.04,1,0,433.333333333,1,0,0,0,1,0,0
27,3,3556.0,22.15,1,0,433.333333333,1,0,0,1,0,0,0
28,3,1255.0,27.64,1,0,251.6666666666,1,0,0,0,0,0,1
29,3,50.0,29.05,1,0,433.333333333,1,0,0,0,1,0,0
30,1,1083.0,21.31,0,1,433.333333333,1,0,0,1,0,0,0
31,3,4588.0,21.62,0,1,433.333333333,0,1,0,1,0,0,0
32,3,735.0,13.82,0,1,433.333333333,0,0,0,0,1,0,0
33,3,926.0,18.11,1,0,645.6666666666666,0,1,1,0,0,0,0
34,3,319.0,20.24,1,0,433.333333333,0,1,0,1,0,0,0
35,3,66.0,30.47,1,0,645.6666666666666,1,0,1,0,0,0,0
36,3,184.0,19.99,1,0,433.333333333,1,0,0,1,0,0,0
37,6,50.0,24.57,0,1,433.333333333,1,0,0,0,1,0,0
38,5,2365.0,22.33,1,0,251.6666666666,0,0,0,0,0,0,1
39,3,1384.0,17.86,1,0,433.333333333,1,0,0,1,0,0,0
40,15,1635.0,19.1,0,1,562.3333333333334,1,0,0,0,0,1,0
41,3,772.0,24.94,1,0,645.6666666666666,1,0,1,0,0,0,0
42,3,164.0,29.98,1,0,645.6666666666666,1,0,1,0,0,0,0
43,1,2109.0,24.43,0,1,433.333333333,1,0,0,1,0,0,0
44,3,1866.0,23.5,0,1,433.333333333,1,0,0,1,0,0,0
45,3,1445.0,17.88,0,1,562.3333333333334,1,0,0,0,0,1,0
46,3,475.0,24.81,1,0,251.6666666666,1,0,0,0,0,0,1
47,6,635.0,22.77,0,1,433.333333333,0,1,0,1,0,0,0
48,6,3840.0,15.45,1,0,433.333333333,0,0,0,0,1,0,0
49,3,2015.0,16.23,1,0,562.3333333333334,0,0,0,0,0,1,0
50,9,234.0,29.66,1,0,645.6666666666666,1,0,1,0,0,0,0
51,3,960.0,27.08,1,0,645.6666666666666,0,0,1,0,0,0,0
52,9,1375.0,19.86,0,1,562.3333333333334,0,0,0,0,0,1,0
53,5,905.0,20.61,0,1,562.3333333333334,0,1,0,0,0,1,0
54,3,880.0,18.77,1,0,562.3333333333334,0,1,0,0,0,1,0
55,3,205.0,21.46,1,0,562.3333333333334,0,1,0,0,0,1,0
56,3,2130.0,16.81,0,1,562.3333333333334,0,1,0,0,0,1,0
57,1,40.0,21.55,1,0,562.3333333333334,1,0,0,0,0,1,0
58,14,1270.0,21.28,0,1,562.3333333333334,0,1,0,0,0,1,0
59,8,75.0,21.83,1,0,562.3333333333334,0,1,0,0,0,1,0
60,9,235.0,16.97,1,0,562.3333333333334,0,1,0,0,0,1,0
61,3,2100.0,18.47,1,0,562.3333333333334,0,1,0,0,0,1,0
62,3,865.0,19.74,1,0,562.3333333333334,0,1,0,0,0,1,0
63,1,1275.0,17.19,1,0,562.3333333333334,0,1,0,0,0,1,0
64,6,1100.0,19.94,0,1,562.3333333333334,0,1,0,0,0,1,0
65,3,1025.0,22.0,1,0,562.3333333333334,0,0,0,0,0,1,0
66,3,1755.0,19.11,1,0,562.3333333333334,0,1,0,0,0,1,0
67,3,1055.0,19.99,1,0,562.3333333333334,0,1,0,0,0,1,0
68,3,1590.0,18.84,1,0,562.3333333333334,0,1,0,0,0,1,0
69,6,145.0,22.84,1,0,562.3333333333334,1,0,0,0,0,1,0
70,6,1730.0,18.51,0,1,562.3333333333334,0,0,0,0,0,1,0
71,8,240.0,25.87,1,0,562.3333333333334,1,0,0,0,0,1,0
72,5,3205.0,14.29,1,0,562.3333333333334,0,0,0,0,0,1,0
73,3,3670.0,18.58,0,1,562.3333333333334,0,0,0,0,0,1,0
74,3,110.0,21.55,1,0,562.3333333333334,1,0,0,0,0,1,0
75,5,925.0,19.72,1,0,562.3333333333334,0,1,0,0,0,1,0
76,6,2420.0,16.64,1,0,562.3333333333334,0,0,0,0,0,1,0
77,17,105.0,20.29,1,0,562.3333333333334,1,0,0,0,0,1,0
78,6,1640.0,17.75,0,1,562.3333333333334,1,0,0,0,0,1,0
79,3,615.0,20.58,0,1,562.3333333333334,1,0,0,0,0,1,0
80,3,2335.0,18.16,1,0,562.3333333333334,0,1,0,0,0,1,0
81,3,380.0,19.09,1,0,562.3333333333334,0,1,0,0,0,1,0
82,8,155.0,21.79,1,0,562.3333333333334,1,0,0,0,0,1,0
83,3,2100.0,16.56,0,1,562.3333333333334,0,0,0,0,0,1,0
84,15,0.0,31.57,1,0,562.3333333333334,1,0,0,0,0,1,0
85,3,105.0,23.69,1,0,562.3333333333334,1,0,0,0,0,1,0
86,9,2000.0,18.1,1,0,562.3333333333334,0,1,0,0,0,1,0
87,4,3045.0,18.78,0,1,562.3333333333334,0,1,0,0,0,1,0
88,5,1325.0,19.38,1,0,562.3333333333334,0,1,0,0,0,1,0
89,3,55.0,24.17,1,0,562.3333333333334,1,0,0,0,0,1,0
90,8,875.0,21.82,1,0,562.3333333333334,0,1,0,0,0,1,0
91,3,2300.0,13.8,1,0,562.3333333333334,0,0,0,0,0,1,0
92,3,3390.0,19.52,0,1,562.3333333333334,0,1,0,0,0,1,0
93,6,695.0,21.52,1,0,562.3333333333334,1,0,0,0,0,1,0
94,9,775.0,21.41,0,1,562.3333333333334,1,0,0,0,0,1,0
95,6,1025.0,17.58,1,0,562.3333333333334,0,0,0,0,0,1,0
96,3,1175.0,15.83,1,0,562.3333333333334,0,0,0,0,0,1,0
97,12,2310.0,18.15,0,1,562.3333333333334,1,0,0,0,0,1,0
98,11,2020.0,16.95,0,1,562.3333333333334,1,0,0,0,0,1,0
99,3,1975.0,18.83,0,1,562.3333333333334,1,0,0,0,0,1,0
100,14,20.0,25.0,1,0,562.3333333333334,1,0,0,0,0,1,0
101,3,325.0,21.02,1,0,562.3333333333334,1,0,0,0,0,1,0
102,3,1890.0,16.0,1,0,562.3333333333334,0,1,0,0,0,1,0
103,5,865.0,15.09,1,0,562.3333333333334,0,0,0,0,0,1,0
104,9,1575.0,16.89,0,1,562.3333333333334,0,0,0,0,0,1,0
105,9,810.0,25.18,0,1,562.3333333333334,1,0,0,0,0,1,0
106,3,560.0,21.07,1,0,562.3333333333334,1,0,0,0,0,1,0
107,12,435.0,22.64,1,0,562.3333333333334,1,0,0,0,0,1,0
108,3,415.0,20.42,1,0,562.3333333333334,1,0,0,0,0,1,0
109,5,2505.0,16.33,0,1,562.3333333333334,1,0,0,0,0,1,0
110,3,100.0,18.67,1,0,562.3333333333334,1,0,0,0,0,1,0
111,5,35.0,18.21,1,0,562.3333333333334,1,0,0,0,0,1,0
112,3,135.0,23.98,1,0,562.3333333333334,1,0,0,0,0,1,0
113,3,3070.0,14.8,0,1,562.3333333333334,1,0,0,0,0,1,0
114,3,3070.0,14.8,0,1,562.3333333333334,1,0,0,0,0,1,0
115,3,3070.0,14.8,0,1,562.3333333333334,1,0,0,0,0,1,0
116,3,3070.0,14.8,0,1,562.3333333333334,1,0,0,0,0,1,0
117,12,680.0,22.93,1,0,562.3333333333334,1,0,0,0,0,1,0
118,6,1755.0,17.84,1,0,562.3333333333334,0,1,0,0,0,1,0
119,3,1925.0,20.3,0,1,562.3333333333334,1,0,0,0,0,1,0
120,6,3640.0,14.25,0,1,562.3333333333334,0,1,0,0,0,1,0
121,3,2100.0,16.7,0,1,562.3333333333334,1,0,0,0,0,1,0
122,3,750.0,20.85,0,1,562.3333333333334,1,0,0,0,0,1,0
123,3,625.0,21.04,1,0,562.3333333333334,1,0,0,0,0,1,0
124,10,2205.0,11.63,1,0,562.3333333333334,0,0,0,0,0,1,0
125,11,1420.0,17.22,0,1,562.3333333333334,1,0,0,0,0,1,0
126,3,830.0,17.57,1,0,433.333333333,0,0,0,0,1,0,0
127,3,85.0,31.09,0,1,433.333333333,1,0,0,0,1,0,0
128,6,1370.0,21.04,1,0,433.333333333,0,1,0,0,1,0,0
129,3,500.0,22.16,0,1,433.333333333,0,1,0,0,1,0,0
130,9,2480.0,13.69,1,0,433.333333333,0,1,0,0,1,0,0
131,3,1180.0,19.23,1,0,433.333333333,0,1,0,0,1,0,0
132,6,815.0,20.83,0,1,433.333333333,0,1,0,0,1,0,0
133,3,1610.0,16.97,1,0,433.333333333,0,1,0,0,1,0,0
134,3,300.0,22.35,1,0,433.333333333,0,1,0,0,1,0,0
135,3,2615.0,16.24,1,0,433.333333333,0,0,0,0,1,0,0
136,3,4950.0,11.51,1,0,433.333333333,0,0,0,0,1,0,0
137,5,1840.0,16.52,1,0,433.333333333,0,0,0,0,1,0,0
138,6,865.0,23.26,0,1,433.333333333,0,0,0,0,1,0,0
139,3,1415.0,17.54,0,1,433.333333333,0,0,0,0,1,0,0
140,5,610.0,24.32,1,0,433.333333333,1,0,0,0,1,0,0
141,3,495.0,22.36,0,1,433.333333333,0,1,0,0,1,0,0
142,6,320.0,23.78,0,1,433.333333333,1,0,0,0,1,0,0
143,3,15.0,24.07,1,0,433.333333333,1,0,0,0,1,0,0
144,6,20.0,29.58,1,0,433.333333333,1,0,0,0,1,0,0
145,3,70.0,,0,1,433.333333333,1,0,0,0,1,0,0
146,3,15.0,23.81,1,0,433.333333333,1,0,0,0,1,0,0
147,3,2365.0,22.11,0,1,433.333333333,0,1,0,0,1,0,0
148,3,40.0,27.2,0,1,433.333333333,1,0,0,0,1,0,0
149,6,10.0,22.76,1,0,433.333333333,1,0,0,0,1,0,0
150,3,150.0,26.65,0,1,433.333333333,0,1,0,0,1,0,0
151,3,15.0,24.2,1,0,433.333333333,1,0,0,0,1,0,0
152,3,300.0,28.51,0,1,433.333333333,0,1,0,0,1,0,0
153,3,160.0,25.07,0,1,433.333333333,1,0,0,0,1,0,0
154,6,690.0,21.46,0,1,433.333333333,0,0,0,0,1,0,0
155,10,4570.0,16.88,1,0,433.333333333,0,0,0,0,1,0,0
156,6,2845.0,19.47,1,0,433.333333333,0,0,0,0,1,0,0
157,3,185.0,25.13,0,1,433.333333333,1,0,0,0,1,0,0
158,15,35.0,23.4,0,1,433.333333333,1,0,0,0,1,0,0
159,3,190.0,24.24,1,0,433.333333333,1,0,0,0,1,0,0
160,6,1500.0,17.73,1,0,433.333333333,0,1,0,0,1,0,0
161,3,70.0,23.61,0,1,433.333333333,1,0,0,0,1,0,0
162,9,225.0,23.5,1,0,433.333333333,1,0,0,0,1,0,0
163,3,105.0,24.49,1,0,433.333333333,1,0,0,0,1,0,0
164,3,25.0,25.22,0,1,433.333333333,1,0,0,0,1,0,0
165,6,115.0,21.02,0,1,433.333333333,0,0,0,0,1,0,0
166,9,100.0,24.11,0,1,433.333333333,1,0,0,0,1,0,0
167,8,865.0,22.59,1,0,433.333333333,0,1,0,0,1,0,0
168,3,50.0,23.34,1,0,433.333333333,1,0,0,0,1,0,0
169,3,25.0,22.62,1,0,433.333333333,1,0,0,0,1,0,0
170,15,5.0,27.07,0,1,433.333333333,1,0,0,0,1,0,0
171,3,25.0,21.76,1,0,433.333333333,1,0,0,0,1,0,0
172,3,5.0,27.88,1,0,433.333333333,1,0,0,0,1,0,0
173,10,125.0,20.82,0,1,433.333333333,1,0,0,0,1,0,0
174,11,165.0,21.49,0,1,433.333333333,0,0,0,0,1,0,0
175,3,1705.0,17.93,1,0,433.333333333,0,1,0,0,1,0,0
176,3,290.0,21.16,1,0,433.333333333,1,0,0,0,1,0,0
177,6,155.0,25.43,0,1,433.333333333,0,0,0,0,1,0,0
178,3,1710.0,18.37,1,0,433.333333333,0,1,0,0,1,0,0
179,3,205.0,23.8,1,0,433.333333333,0,1,0,0,1,0,0
180,9,1995.0,17.26,0,1,433.333333333,0,0,0,0,1,0,0
181,5,40.0,30.24,1,0,433.333333333,1,0,0,0,1,0,0
182,3,5.0,29.05,0,1,433.333333333,1,0,0,0,1,0,0
183,3,45.0,25.79,1,0,433.333333333,1,0,0,0,1,0,0
184,1,1035.0,19.2,1,0,433.333333333,0,1,0,0,1,0,0
185,3,675.0,20.39,1,0,433.333333333,0,1,0,0,1,0,0
186,9,145.0,22.84,1,0,433.333333333,1,0,0,0,1,0,0
187,3,75.0,27.42,0,1,433.333333333,1,0,0,0,1,0,0
188,3,5.0,24.52,1,0,433.333333333,1,0,0,0,1,0,0
189,11,2770.0,18.01,1,0,433.333333333,0,0,0,1,0,0,0
190,3,2367.0,17.41,1,0,433.333333333,0,1,0,1,0,0,0
191,3,1267.0,16.54,0,1,433.333333333,1,0,0,1,0,0,0
192,6,1548.0,16.72,0,1,433.333333333,1,0,0,1,0,0,0
193,6,960.0,23.88,1,0,433.333333333,1,0,0,1,0,0,0
194,4,1084.0,19.47,0,1,433.333333333,1,0,0,1,0,0,0
195,3,804.0,19.27,0,1,433.333333333,1,0,0,1,0,0,0
196,5,1180.0,26.47,1,0,433.333333333,1,0,0,1,0,0,0
197,3,2066.0,15.77,1,0,433.333333333,0,1,0,1,0,0,0
198,6,1727.0,18.17,0,1,433.333333333,1,0,0,1,0,0,0
199,1,2010.0,16.11,0,1,433.333333333,1,0,0,1,0,0,0
200,3,513.0,19.82,1,0,433.333333333,1,0,0,1,0,0,0
201,3,1914.0,15.45,1,0,433.333333333,0,1,0,1,0,0,0
202,5,1914.0,15.45,1,0,433.333333333,0,1,0,1,0,0,0
203,3,2414.0,16.65,1,0,433.333333333,0,1,0,1,0,0,0
204,5,1125.0,18.11,1,0,433.333333333,1,0,0,1,0,0,0
205,3,2725.0,13.68,1,0,433.333333333,0,1,0,1,0,0,0
206,6,2262.0,21.62,0,1,433.333333333,0,0,0,1,0,0,0
207,4,2127.0,20.74,1,0,433.333333333,1,0,0,1,0,0,0
208,5,1407.0,25.16,1,0,433.333333333,1,0,0,1,0,0,0
209,3,1818.0,21.22,0,1,433.333333333,0,0,0,1,0,0,0
210,3,3584.0,17.26,1,0,433.333333333,0,1,0,1,0,0,0
211,3,2709.0,19.63,1,0,433.333333333,1,0,0,1,0,0,0
212,6,3586.0,19.21,1,0,433.333333333,0,0,0,1,0,0,0
213,6,4206.0,17.06,1,0,433.333333333,0,0,0,1,0,0,0
214,3,3038.0,19.58,0,1,433.333333333,0,0,0,1,0,0,0
215,5,1993.0,19.0,1,0,433.333333333,1,0,0,1,0,0,0
216,6,3014.0,20.01,0,1,433.333333333,0,0,0,1,0,0,0
217,3,594.0,17.94,1,0,433.333333333,1,0,0,1,0,0,0
218,9,3039.0,18.14,0,1,433.333333333,0,0,0,1,0,0,0
219,3,3740.0,17.42,1,0,433.333333333,0,1,0,1,0,0,0
220,8,2841.0,20.25,1,0,433.333333333,0,0,0,1,0,0,0
221,3,3721.0,15.53,1,0,433.333333333,0,1,0,1,0,0,0
222,3,936.0,23.14,1,0,433.333333333,1,0,0,1,0,0,0
223,9,1390.0,16.36,1,0,433.333333333,0,1,0,1,0,0,0
224,11,5510.0,16.79,1,0,433.333333333,0,1,0,1,0,0,0
225,3,4771.0,15.13,1,0,433.333333333,0,0,0,1,0,0,0
226,3,3408.0,18.22,1,0,433.333333333,0,1,0,1,0,0,0
227,3,4475.0,16.92,1,0,433.333333333,0,0,0,1,0,0,0
228,3,4276.0,16.03,1,0,433.333333333,0,1,0,1,0,0,0
229,8,988.0,16.91,0,1,433.333333333,0,1,0,1,0,0,0
230,3,2616.0,18.01,1,0,433.333333333,0,1,0,1,0,0,0
231,3,2064.0,20.2,1,0,433.333333333,1,0,0,1,0,0,0
232,6,4206.0,17.37,1,0,433.333333333,0,1,0,1,0,0,0
233,3,6717.0,16.57,1,0,433.333333333,0,0,0,1,0,0,0
234,3,2151.0,20.03,0,1,433.333333333,1,0,0,1,0,0,0
235,6,887.0,19.63,0,1,433.333333333,1,0,0,1,0,0,0
236,3,1073.0,18.21,0,1,433.333333333,0,1,0,1,0,0,0
237,3,16.0,18.64,1,0,433.333333333,0,1,0,1,0,0,0
238,5,1392.0,23.36,1,0,433.333333333,1,0,0,1,0,0,0
239,3,1401.0,22.18,1,0,433.333333333,1,0,0,1,0,0,0
240,3,4417.0,18.42,1,0,433.333333333,0,1,0,1,0,0,0
241,3,3133.0,19.48,1,0,433.333333333,0,1,0,1,0,0,0
242,1,1778.0,23.02,1,0,433.333333333,1,0,0,1,0,0,0
243,3,2399.0,22.04,1,0,433.333333333,1,0,0,1,0,0,0
244,5,1666.0,23.61,1,0,433.333333333,1,0,0,1,0,0,0
245,9,3091.0,19.22,1,0,433.333333333,0,1,0,1,0,0,0
246,6,4814.0,14.92,1,0,433.333333333,0,1,0,1,0,0,0
247,3,5222.0,15.7,1,0,433.333333333,0,1,0,1,0,0,0
248,6,5129.0,16.37,0,1,433.333333333,0,1,0,1,0,0,0
249,3,4808.0,18.83,1,0,433.333333333,0,1,0,1,0,0,0
250,5,2461.0,25.49,1,0,433.333333333,0,0,0,1,0,0,0
251,5,2749.0,19.63,0,1,433.333333333,0,1,0,1,0,0,0
252,14,2914.0,18.96,1,0,433.333333333,0,1,0,1,0,0,0
253,3,3165.0,17.23,1,0,433.333333333,0,1,0,1,0,0,0
254,5,2952.0,21.92,1,0,433.333333333,0,0,0,1,0,0,0
255,3,1860.0,24.53,0,1,433.333333333,0,0,0,1,0,0,0
256,6,4373.0,16.98,1,0,433.333333333,0,1,0,1,0,0,0
257,6,1637.0,21.16,0,1,433.333333333,1,0,0,1,0,0,0
258,3,4511.0,21.68,0,1,433.333333333,0,0,0,1,0,0,0
259,3,5305.0,18.18,1,0,433.333333333,0,0,0,1,0,0,0
260,3,2623.0,19.4,1,0,433.333333333,0,1,0,1,0,0,0
261,6,2408.0,21.18,0,1,433.333333333,1,0,0,1,0,0,0
262,3,2180.0,21.28,1,0,433.333333333,1,0,0,1,0,0,0
263,9,6498.0,20.87,1,0,433.333333333,1,0,0,1,0,0,0
264,3,5104.0,22.21,1,0,433.333333333,1,0,0,1,0,0,0
265,15,6114.0,23.76,0,1,433.333333333,0,0,0,1,0,0,0
266,3,2511.0,20.79,1,0,433.333333333,1,0,0,1,0,0,0
267,6,3797.0,19.28,1,0,433.333333333,0,1,0,1,0,0,0
268,6,3613.0,19.57,0,1,433.333333333,1,0,0,1,0,0,0
269,3,2277.0,22.46,1,0,433.333333333,1,0,0,1,0,0,0
270,3,2641.0,21.71,0,1,433.333333333,0,1,0,1,0,0,0
271,8,4096.0,17.64,1,0,433.333333333,0,1,0,1,0,0,0
272,3,3062.0,17.54,1,0,433.333333333,0,0,0,1,0,0,0
273,9,5177.0,18.36,0,1,433.333333333,0,1,0,1,0,0,0
274,3,5222.0,16.95,1,0,433.333333333,0,0,0,1,0,0,0
275,6,2574.0,20.81,0,1,433.333333333,0,1,0,1,0,0,0
276,3,5898.0,10.23,1,0,433.333333333,0,0,0,1,0,0,0
277,6,4920.0,19.6,1,0,433.333333333,0,0,0,1,0,0,0
278,6,987.0,15.67,1,0,433.333333333,0,1,0,1,0,0,0
279,3,321.0,18.9,1,0,433.333333333,0,1,0,1,0,0,0
280,3,36.0,21.17,0,1,433.333333333,1,0,0,1,0,0,0
281,3,507.0,13.01,1,0,433.333333333,0,0,0,1,0,0,0
282,6,153.0,17.61,1,0,433.333333333,0,1,0,1,0,0,0
283,5,618.0,14.73,1,0,433.333333333,0,0,0,1,0,0,0
284,14,942.0,19.23,0,1,433.333333333,0,0,0,1,0,0,0
285,6,714.0,15.12,1,0,433.333333333,0,1,0,1,0,0,0
286,3,155.0,23.9,0,1,433.333333333,0,0,0,1,0,0,0
287,3,468.0,19.97,1,0,433.333333333,0,1,0,1,0,0,0
288,15,2246.0,21.17,1,0,433.333333333,1,0,0,1,0,0,0
289,11,710.0,15.75,0,1,433.333333333,0,1,0,1,0,0,0
290,6,3996.0,16.29,0,1,433.333333333,0,0,0,1,0,0,0
291,3,2006.0,21.33,0,1,433.333333333,1,0,0,1,0,0,0
292,6,3561.0,19.81,0,1,433.333333333,1,0,0,1,0,0,0
293,3,1413.0,18.24,1,0,433.333333333,1,0,0,1,0,0,0
294,6,1808.0,22.94,1,0,433.333333333,1,0,0,1,0,0,0
295,8,816.0,21.27,1,0,433.333333333,0,1,0,1,0,0,0
296,5,2071.0,20.75,1,0,433.333333333,1,0,0,1,0,0,0
297,6,1839.0,22.87,1,0,433.333333333,1,0,0,1,0,0,0
298,3,1571.0,22.4,0,1,433.333333333,1,0,0,1,0,0,0
299,1,1405.0,23.79,0,1,433.333333333,1,0,0,1,0,0,0
300,3,3043.0,22.75,1,0,433.333333333,0,0,0,1,0,0,0
301,6,1558.0,23.69,1,0,433.333333333,1,0,0,1,0,0,0
302,4,1191.0,20.3,1,0,433.333333333,1,0,0,1,0,0,0
303,5,2025.0,23.71,1,0,433.333333333,1,0,0,1,0,0,0
304,1,829.0,20.99,0,1,433.333333333,0,1,0,1,0,0,0
305,6,1266.0,22.79,1,0,433.333333333,1,0,0,1,0,0,0
306,3,3400.0,24.16,1,0,433.333333333,0,1,0,1,0,0,0
307,3,2266.0,26.99,1,0,433.333333333,1,0,0,1,0,0,0
308,6,2266.0,26.99,1,0,433.333333333,1,0,0,1,0,0,0
309,7,1136.0,23.95,1,0,433.333333333,1,0,0,1,0,0,0
310,3,4137.0,20.23,0,1,433.333333333,0,0,0,1,0,0,0
311,5,2290.0,22.35,1,0,433.333333333,1,0,0,1,0,0,0
312,6,4717.0,19.04,1,0,433.333333333,0,1,0,1,0,0,0
313,6,3069.0,17.43,1,0,433.333333333,0,1,0,1,0,0,0
314,3,1398.0,17.93,1,0,433.333333333,1,0,0,1,0,0,0
315,3,683.0,20.07,1,0,433.333333333,1,0,0,1,0,0,0
316,16,3546.0,19.43,1,0,433.333333333,0,1,0,1,0,0,0
317,6,1103.0,21.55,1,0,433.333333333,0,1,0,1,0,0,0
318,1,102.0,22.57,0,1,433.333333333,1,0,0,1,0,0,0
319,5,102.0,22.57,0,1,433.333333333,1,0,0,1,0,0,0
320,3,779.0,22.06,1,0,433.333333333,0,1,0,1,0,0,0
321,3,106.0,24.37,0,1,433.333333333,0,0,0,1,0,0,0
322,3,2389.0,23.29,0,1,433.333333333,1,0,0,1,0,0,0
323,3,965.0,24.25,1,0,433.333333333,0,1,0,1,0,0,0
324,3,327.0,21.78,1,0,433.333333333,1,0,0,1,0,0,0
325,3,985.0,20.92,1,0,433.333333333,0,1,0,1,0,0,0
326,3,909.0,22.36,1,0,433.333333333,0,0,0,1,0,0,0
327,6,80.0,23.93,0,1,433.333333333,1,0,0,1,0,0,0
328,9,2119.0,20.1,0,1,433.333333333,0,0,0,1,0,0,0
329,3,138.0,22.36,0,1,433.333333333,1,0,0,1,0,0,0
330,3,3.0,30.36,1,0,433.333333333,1,0,0,1,0,0,0
331,6,511.0,17.35,1,0,433.333333333,0,0,0,1,0,0,0
332,8,1916.0,22.94,1,0,645.6666666666666,0,0,1,0,0,0,0
333,3,2700.0,25.97,1,0,645.6666666666666,0,1,1,0,0,0,0
334,6,1856.0,15.8,1,0,645.6666666666666,0,0,1,0,0,0,0
335,3,2702.0,20.29,1,0,645.6666666666666,0,1,1,0,0,0,0
336,1,886.0,15.6,1,0,645.6666666666666,0,0,1,0,0,0,0
337,8,6.0,31.74,1,0,645.6666666666666,1,0,1,0,0,0,0
338,3,2804.0,18.11,1,0,645.6666666666666,0,1,1,0,0,0,0
339,5,300.0,30.85,1,0,645.6666666666666,1,0,1,0,0,0,0
340,6,3390.0,17.41,1,0,645.6666666666666,0,0,1,0,0,0,0
341,3,784.0,18.25,1,0,645.6666666666666,0,1,1,0,0,0,0
342,1,784.0,18.25,1,0,645.6666666666666,0,1,1,0,0,0,0
343,3,156.0,29.75,1,0,645.6666666666666,1,0,1,0,0,0,0
344,3,1618.0,17.72,1,0,645.6666666666666,0,1,1,0,0,0,0
345,5,986.0,20.06,1,0,645.6666666666666,0,1,1,0,0,0,0
346,5,280.0,18.56,1,0,645.6666666666666,0,1,1,0,0,0,0
347,3,6.0,30.54,1,0,645.6666666666666,1,0,1,0,0,0,0
348,15,508.0,20.73,0,1,645.6666666666666,0,1,1,0,0,0,0
349,6,394.0,26.65,0,1,645.6666666666666,0,1,1,0,0,0,0
350,3,2468.0,14.49,1,0,645.6666666666666,0,0,1,0,0,0,0
351,6,484.0,19.32,1,0,645.6666666666666,0,1,1,0,0,0,0
352,3,1474.0,17.76,1,0,645.6666666666666,0,1,1,0,0,0,0
353,6,560.0,20.05,1,0,645.6666666666666,0,1,1,0,0,0,0
354,6,654.0,18.33,1,0,645.6666666666666,0,1,1,0,0,0,0
355,5,2820.0,19.24,1,0,645.6666666666666,0,1,1,0,0,0,0
356,3,2314.0,19.9,1,0,645.6666666666666,0,1,1,0,0,0,0
357,9,2234.0,17.34,1,0,645.6666666666666,0,1,1,0,0,0,0
358,6,152.0,29.45,1,0,645.6666666666666,1,0,1,0,0,0,0
359,8,2784.0,10.49,1,0,645.6666666666666,0,1,1,0,0,0,0
360,3,1802.0,19.21,1,0,645.6666666666666,0,1,1,0,0,0,0
361,3,158.0,33.04,1,0,645.6666666666666,1,0,1,0,0,0,0
362,6,2342.0,15.71,1,0,645.6666666666666,0,1,1,0,0,0,0
363,6,1304.0,12.11,1,0,645.6666666666666,0,1,1,0,0,0,0
364,8,4156.0,13.08,1,0,645.6666666666666,0,0,1,0,0,0,0
365,3,2532.0,18.06,1,0,645.6666666666666,0,1,1,0,0,0,0
366,6,842.0,24.82,1,0,645.6666666666666,1,0,1,0,0,0,0
367,3,3156.0,8.21,1,0,645.6666666666666,0,0,1,0,0,0,0
368,3,2196.0,21.8,1,0,645.6666666666666,0,1,1,0,0,0,0
369,3,86.0,,0,1,645.6666666666666,1,0,1,0,0,0,0
370,3,536.0,23.11,1,0,645.6666666666666,0,1,1,0,0,0,0
371,10,40.0,30.35,1,0,645.6666666666666,1,0,1,0,0,0,0
372,3,3294.0,18.45,1,0,645.6666666666666,0,1,1,0,0,0,0
373,6,140.0,25.0,1,0,645.6666666666666,1,0,1,0,0,0,0
374,6,198.0,30.95,1,0,645.6666666666666,1,0,1,0,0,0,0
375,3,1576.0,19.28,1,0,645.6666666666666,0,1,1,0,0,0,0
376,10,574.0,20.22,1,0,645.6666666666666,0,1,1,0,0,0,0
377,5,242.0,37.08,1,0,645.6666666666666,1,0,1,0,0,0,0
378,3,38.0,31.99,1,0,645.6666666666666,1,0,1,0,0,0,0
379,11,114.0,26.16,1,0,645.6666666666666,1,0,1,0,0,0,0
380,3,926.0,18.28,1,0,645.6666666666666,0,1,1,0,0,0,0
381,5,1686.0,15.7,1,0,645.6666666666666,0,0,1,0,0,0,0
382,3,2008.0,10.66,1,0,645.6666666666666,0,0,1,0,0,0,0
383,3,2092.0,19.16,1,0,645.6666666666666,0,1,1,0,0,0,0
384,1,102.0,31.22,1,0,645.6666666666666,1,0,1,0,0,0,0
385,6,550.0,27.63,1,0,645.6666666666666,1,0,1,0,0,0,0
386,3,812.0,26.16,1,0,645.6666666666666,1,0,1,0,0,0,0
387,3,910.0,27.81,1,0,645.6666666666666,1,0,1,0,0,0,0
388,8,710.0,32.25,0,1,645.6666666666666,1,0,1,0,0,0,0
389,3,2438.0,16.71,1,0,645.6666666666666,0,1,1,0,0,0,0
390,13,90.0,31.57,1,0,645.6666666666666,1,0,1,0,0,0,0
391,3,900.0,24.74,0,1,645.6666666666666,1,0,1,0,0,0,0
392,3,0.0,30.97,1,0,645.6666666666666,1,0,1,0,0,0,0
393,3,832.0,24.05,1,0,645.6666666666666,1,0,1,0,0,0,0
394,6,288.0,27.31,1,0,645.6666666666666,1,0,1,0,0,0,0
395,3,172.0,30.63,1,0,645.6666666666666,1,0,1,0,0,0,0
396,3,814.0,29.14,0,1,645.6666666666666,1,0,1,0,0,0,0
397,3,694.0,23.47,1,0,645.6666666666666,1,0,1,0,0,0,0
398,1,692.0,26.66,0,1,645.6666666666666,1,0,1,0,0,0,0
399,3,1058.0,18.94,1,0,645.6666666666666,0,1,1,0,0,0,0
400,6,182.0,29.1,0,1,645.6666666666666,1,0,1,0,0,0,0
401,3,54.0,32.58,0,1,645.6666666666666,1,0,1,0,0,0,0
402,3,330.0,30.75,0,1,645.6666666666666,1,0,1,0,0,0,0
403,3,242.0,35.34,1,0,645.6666666666666,1,0,1,0,0,0,0
404,3,566.0,21.64,0,1,645.6666666666666,0,1,1,0,0,0,0
405,1,308.0,31.52,1,0,645.6666666666666,1,0,1,0,0,0,0
406,6,344.0,30.78,1,0,645.6666666666666,1,0,1,0,0,0,0
407,8,98.0,30.92,1,0,645.6666666666666,1,0,1,0,0,0,0
408,3,974.0,25.75,1,0,645.6666666666666,1,0,1,0,0,0,0
409,5,574.0,26.04,1,0,645.6666666666666,1,0,1,0,0,0,0
410,3,712.0,30.63,0,1,645.6666666666666,0,1,1,0,0,0,0
411,3,2934.0,12.73,1,0,645.6666666666666,0,0,1,0,0,0,0
412,4,772.0,28.21,1,0,645.6666666666666,1,0,1,0,0,0,0
413,3,772.0,28.21,1,0,645.6666666666666,1,0,1,0,0,0,0
414,9,2468.0,19.85,1,0,645.6666666666666,0,1,1,0,0,0,0
415,9,2490.0,22.57,1,0,645.6666666666666,0,0,1,0,0,0,0
416,3,1508.0,20.47,1,0,645.6666666666666,0,1,1,0,0,0,0
417,3,3662.0,14.7,1,0,645.6666666666666,0,0,1,0,0,0,0
418,3,250.0,32.19,1,0,645.6666666666666,1,0,1,0,0,0,0
419,3,758.0,28.91,0,1,645.6666666666666,1,0,1,0,0,0,0
420,6,2260.0,20.92,1,0,645.6666666666666,0,1,1,0,0,0,0
421,6,1150.0,21.45,1,0,645.6666666666666,0,1,1,0,0,0,0
422,3,108.0,33.0,1,0,645.6666666666666,1,0,1,0,0,0,0
423,3,2366.0,21.12,1,0,645.6666666666666,0,1,1,0,0,0,0
424,8,816.0,28.67,1,0,645.6666666666666,1,0,1,0,0,0,0
425,1,544.0,29.83,0,1,645.6666666666666,1,0,1,0,0,0,0
426,6,408.0,30.14,0,1,645.6666666666666,1,0,1,0,0,0,0
427,3,3180.0,17.5,1,0,645.6666666666666,0,1,1,0,0,0,0
428,3,3152.0,12.61,1,0,645.6666666666666,0,0,1,0,0,0,0
429,3,2424.0,16.76,1,0,645.6666666666666,0,0,1,0,0,0,0
430,5,50.0,31.47,1,0,645.6666666666666,1,0,1,0,0,0,0
431,10,865.0,22.39,1,0,251.6666666666,0,1,0,0,0,0,1
432,5,1050.0,22.77,0,1,251.6666666666,0,1,0,0,0,0,1
433,3,1560.0,23.49,1,0,251.6666666666,0,1,0,0,0,0,1
434,3,2130.0,23.0,0,1,251.6666666666,0,1,0,0,0,0,1
435,3,1145.0,21.71,1,0,251.6666666666,0,1,0,0,0,0,1
436,12,1430.0,22.63,1,0,251.6666666666,0,1,0,0,0,0,1
437,3,1970.0,23.05,1,0,251.6666666666,0,1,0,0,0,0,1
438,5,2475.0,22.15,1,0,251.6666666666,0,1,0,0,0,0,1
439,6,2505.0,21.45,1,0,251.6666666666,0,1,0,0,0,0,1
440,6,1480.0,22.43,1,0,251.6666666666,0,1,0,0,0,0,1
441,3,1430.0,21.56,1,0,251.6666666666,0,1,0,0,0,0,1
442,9,1430.0,21.56,1,0,251.6666666666,0,1,0,0,0,0,1
443,3,2895.0,22.43,0,1,251.6666666666,0,1,0,0,0,0,1
444,11,1900.0,27.42,0,1,251.6666666666,0,0,0,0,0,0,1
445,3,1830.0,22.12,1,0,251.6666666666,0,0,0,0,0,0,1
446,6,860.0,24.29,1,0,251.6666666666,0,1,0,0,0,0,1
447,3,1250.0,24.45,1,0,251.6666666666,0,1,0,0,0,0,1
448,5,2465.0,18.86,1,0,251.6666666666,0,0,0,0,0,0,1
449,6,2435.0,18.42,1,0,251.6666666666,0,0,0,0,0,0,1
450,3,1735.0,21.83,1,0,251.6666666666,0,1,0,0,0,0,1
451,9,6260.0,25.35,0,1,251.6666666666,1,0,0,0,0,0,1
452,6,8190.0,22.26,0,1,251.6666666666,0,0,0,0,0,0,1
453,8,1740.0,20.63,1,0,251.6666666666,0,1,0,0,0,0,1
454,3,1185.0,23.79,1,0,251.6666666666,0,1,0,0,0,0,1
455,3,1125.0,24.1,0,1,251.6666666666,1,0,0,0,0,0,1
456,3,1635.0,23.53,1,0,251.6666666666,0,1,0,0,0,0,1
457,3,2335.0,23.86,1,0,251.6666666666,0,1,0,0,0,0,1
458,8,155.0,25.77,1,0,251.6666666666,1,0,0,0,0,0,1
459,5,625.0,22.48,1,0,251.6666666666,0,1,0,0,0,0,1
460,12,2160.0,14.73,1,0,251.6666666666,0,0,0,0,0,0,1
461,5,265.0,22.96,1,0,251.6666666666,0,1,0,0,0,0,1
462,6,875.0,25.65,1,0,251.6666666666,0,1,0,0,0,0,1
463,9,2520.0,23.22,0,1,251.6666666666,0,1,0,0,0,0,1
464,3,5.0,27.45,1,0,251.6666666666,1,0,0,0,0,0,1
465,12,1235.0,22.95,1,0,251.6666666666,0,1,0,0,0,0,1
466,3,565.0,29.25,0,1,251.6666666666,1,0,0,0,0,0,1
467,3,1720.0,23.38,1,0,251.6666666666,0,1,0,0,0,0,1
468,5,3215.0,23.87,0,1,251.6666666666,0,0,0,0,0,0,1
469,6,695.0,25.71,1,0,251.6666666666,1,0,0,0,0,0,1
470,3,1370.0,23.57,0,1,251.6666666666,0,1,0,0,0,0,1
471,8,2260.0,26.76,0,1,251.6666666666,1,0,0,0,0,0,1
472,9,1750.0,27.7,0,1,251.6666666666,1,0,0,0,0,0,1
473,5,1915.0,25.24,0,1,251.6666666666,1,0,0,0,0,0,1
474,1,1195.0,22.0,1,0,251.6666666666,0,1,0,0,0,0,1
475,3,110.0,27.84,1,0,251.6666666666,1,0,0,0,0,0,1
476,12,2360.0,25.01,0,1,251.6666666666,0,0,0,0,0,0,1
477,5,20.0,29.82,1,0,251.6666666666,1,0,0,0,0,0,1
478,9,250.0,29.38,0,1,251.6666666666,0,0,0,0,0,0,1
479,5,605.0,23.34,1,0,251.6666666666,0,1,0,0,0,0,1
480,11,775.0,28.66,1,0,251.6666666666,1,0,0,0,0,0,1
481,3,1970.0,25.56,0,1,251.6666666666,0,1,0,0,0,0,1
482,6,2260.0,25.93,0,1,251.6666666666,1,0,0,0,0,0,1
483,9,415.0,25.44,1,0,251.6666666666,1,0,0,0,0,0,1
484,3,150.0,28.18,1,0,251.6666666666,1,0,0,0,0,0,1
485,1,440.0,26.0,1,0,251.6666666666,1,0,0,0,0,0,1
486,3,4025.0,20.41,1,0,251.6666666666,0,1,0,0,0,0,1
487,3,385.0,26.41,1,0,251.6666666666,0,0,0,0,0,0,1
488,1,795.0,29.12,0,1,251.6666666666,1,0,0,0,0,0,1
489,10,2205.0,16.25,1,0,251.6666666666,0,0,0,0,0,0,1
